{"cameraMode":{"drawMode":0,"name":"Shaded","section":"Shading Mode"},"sceneLighting":true,"audioPlay":false,"sceneViewState":{"showFog":true,"showMaterialUpdate":false,"showSkybox":true,"showFlares":true,"showImageEffects":true,"showParticleSystems":true},"in2DMode":false,"pivot":{"x":-22.45256805419922,"y":-31.853321075439454,"z":61.07605743408203},"rotation":{"x":0.3414577543735504,"y":-0.18581654131412507,"z":0.06906288117170334,"w":0.9188161492347717},"size":99.36844635009766,"orthographic":false}